"","DataSetID","CrudeID"
"1",6,"ASGRD537"
"2",7,"AASGR419"
"3",8,"ASGRD520"
"4",9,"ABO357"
"5",10,"ABOLT375"
"6",11,"ABQAQ376"
"7",12,"AABKH317"
"8",13,"AABKH354"
"9",14,"ABU376"
"10",15,"ABHDR344"
"11",16,"ABGBR379"
"12",17,"AWB222"
"13",18,"AWB228"
"14",19,"AWB209"
"15",20,"ACSWB228"
"16",21,"ADAR301"
"17",22,"AGAR168"
"18",23,"AGBAMI473"
"19",24,"AGBAM483"
"20",25,"ABGAM472"
"21",26,"AGBMI474"
"22",27,"AGBMI478"
"23",28,"AGBAM479"
"24",29,"AGBAM457"
"25",30,"AGBAM472"
"26",31,"AGBAM458"
"27",32,"AHSPR204"
"28",33,"AIRLE432"
"29",34,"AKPOB452"
"30",35,"AKPO452"
"31",36,"AKPO456"
"32",37,"AKPO462"
"33",38,"AKSAI443"
"34",39,"AKTOB416"
"35",40,"ALJRF300"
"36",41,"ALJRF305"
"37",42,"ALRYN248"
"38",43,"ALRAY293"
"39",44,"ALSHA280"
"40",45,"ALSHA287"
"41",46,"ALSHA302"
"42",47,"ALS290BP"
"43",48,"ALSHA265"
"44",49,"ALSHN298"
"45",50,"ASHSRC284"
"46",51,"WAFA496"
"47",52,"ALBMC489"
"48",53,"ALAMA186"
"49",54,"ANSLP266"
"50",55,"ANSPL310"
"51",56,"ANSPL314"
"52",57,"ANSPL297"
"53",58,"ANSPL302"
"54",59,"ANSLO298"
"55",60,"ANSMX290"
"56",61,"ANSPL279"
"57",62,"ANSPL262"
"58",63,"ANSPL276"
"59",64,"ANSPL286"
"60",65,"ANSPL290"
"61",66,"ANSLO330"
"62",67,"ANS315"
"63",68,"ANSPL307R"
"64",69,"ANSPL321"
"65",70,"ANS319C"
"66",134,"ANTAN287"
"67",139,"ANTAN246"
"68",140,"ANTECR352"
"69",141,"ANTON288"
"70",142,"APIAY233"
"71",143,"ARXLT381"
"72",144,"AXLSRC401"
"73",145,"ARXLT396"
"74",146,"ARBHV273"
"75",147,"ARAHV277"
"76",148,"ARBH278S"
"77",149,"ARBLRSH332"
"78",150,"ARBLT332"
"79",151,"ALTP175C"
"80",152,"ARLTP170"
"81",153,"ARABL166"
"82",154,"ARMDB282"
"83",155,"ARAMD308"
"84",156,"ARMED315"
"85",157,"ARABM306"
"86",158,"ARBMD288"
"87",159,"ARMED313"
"88",160,"ARBMD304"
"89",161,"ARBMDRSH304"
"90",162,"ARXLT399"
"91",163,"SHABA416"
"92",164,"SHABA384"
"93",165,"ABXLT386"
"94",166,"AXLT390S"
"95",167,"ARAXL390"
"96",168,"ARXLT397"
"97",169,"ARABH283"
"98",170,"ARABH277"
"99",171,"ARABH274"
"100",172,"ARABH273"
"101",173,"ARAB277"
"102",174,"ARABH281"
"103",175,"ARABL333"
"104",176,"ALBRI384"
"105",177,"ALBRI368"
"106",178,"ARAL335S"
"107",179,"ARALT332"
"108",180,"ARABL323"
"109",181,"ARALT333S"
"110",182,"ARALT333"
"111",183,"ARABL329"
"112",184,"ARABL331"
"113",185,"ARABL334"
"114",186,"MARJN323"
"115",187,"ZULUF304"
"116",188,"ARABM307"
"117",189,"ARMED307"
"118",190,"ARMED308"
"119",191,"ARABM301"
"120",192,"ARMED307S"
"121",193,"ARABM286"
"122",194,"ARSLT515"
"123",195,"ARXLT388"
"124",196,"ARXLT387"
"125",197,"ARLXS441"
"126",198,"ARAMT396"
"127",199,"ARB199C"
"128",200,"ARB202C"
"129",201,"ARBSC204"
"130",202,"ARCOP294"
"131",203,"ARCOP269"
"132",204,"ARCOP267"
"133",71,"ALBA197"
"134",72,"ALBA196"
"135",73,"ALBAB192"
"136",74,"ALBAB194"
"137",75,"ALBA199S"
"138",76,"ALBA192"
"139",77,"ALBA194"
"140",78,"ALBAF197"
"141",79,"ALBAF200"
"142",80,"ALBAC203"
"143",81,"ALBCR203"
"144",82,"ALBAC190"
"145",83,"ALBAC200"
"146",84,"ALBCR1985"
"147",85,"ALBAC182"
"148",86,"ALBC189S"
"149",87,"ABTAS309"
"150",88,"SYNCR319"
"151",89,"ALBH193"
"152",90,"AHS191"
"153",91,"ALBHW196"
"154",92,"AMH220"
"155",93,"AMSKRH216"
"156",94,"ALNCOND526"
"157",95,"ALGER633"
"158",96,"ALGER684"
"159",97,"ALGER687"
"160",98,"ALIF403"
"161",99,"ALTMR164"
"162",100,"ALTMR150"
"163",101,"LTMNT424"
"164",102,"LTMNT403"
"165",103,"ALTMR151"
"166",104,"ALTMR153"
"167",105,"ALVHM377"
"168",106,"ALVHM384"
"169",107,"ALVHM386"
"170",108,"ALVHM370"
"171",109,"ALVHM359"
"172",110,"ALVHM385"
"173",111,"ALVIL377"
"174",112,"AMENM408"
"175",113,"AMENM390"
"176",114,"AMENM402"
"177",115,"AMNA369"
"178",116,"AMNA360"
"179",117,"AMUKP430"
"180",118,"ANACW448"
"181",119,"ANACO413"
"182",120,"ANADR348"
"183",121,"ANSRA397"
"184",122,"ANDRS402"
"185",123,"ANGEL565"
"186",124,"ANGST300"
"187",125,"ANGSI402"
"188",126,"ANGSI387S"
"189",127,"ANJKEC464"
"190",128,"ANOAF452"
"191",129,"ANOA509"
"192",130,"ANOAF459"
"193",131,"ANS314"
"194",132,"ANSGL999"
"195",133,"ANTAN264"
"196",135,"ANTAN295"
"197",136,"ANTAN346"
"198",137,"ANTAN272"
"199",138,"ANTAN273"
"200",205,"RJUNA380"
"201",206,"RJUNA373"
"202",207,"RJUNA360"
"203",208,"RJUNA377"
"204",209,"ARDMO378"
"205",210,"AGNTA155"
"206",211,"ARMAN288"
"207",212,"ARNS370"
"208",213,"AROYO148"
"209",214,"ARTHT594"
"210",215,"ARTHT545"
"211",216,"ARUNC551"
"212",217,"ARUNC550"
"213",218,"ARUNC553"
"214",219,"ARUNC528"
"215",220,"ARZEW443"
"216",221,"ARZEW441"
"217",222,"ASRA366"
"218",223,"ASRA385"
"219",224,"ASENG293"
"220",225,"ASGRD517"
"221",226,"ASGRD469"
"222",227,"ASGRD471"
"223",228,"ASGRD513"
"224",229,"ASGRD509"
"225",230,"ASGRD505"
"226",231,"ASGRD489"
"227",232,"ASTRT300"
"228",233,"ASPHO237"
"229",234,"DILBIT253"
"230",235,"DILBT251"
"231",236,"DILBT171"
"232",237,"CNRL373"
"233",238,"LNGLK394"
"234",239,"ATHBS83"
"235",240,"UTFBT085"
"236",241,"A1RTP140"
"237",242,"A2RTP178"
"238",243,"ATLNA137"
"239",244,"ATLNA185"
"240",245,"ATLNA177"
"241",246,"ATLNA134"
"242",247,"ATAKA412"
"243",248,"ATAKA432"
"244",249,"ATAKA452"
"245",250,"ATTAK390"
"246",251,"ATAKA408"
"247",252,"ATAKA407"
"248",253,"avaln306"
"249",254,"AZERI373"
"250",255,"AZERI366"
"251",256,"BTCB364C"
"252",257,"AZERI258"
"253",258,"AZERI346"
"254",259,"AZERS356"
"255",260,"AZERI351"
"256",261,"AZERC366"
"257",262,"AZERI355"
"258",263,"AZERI352"
"259",264,"AZERI348"
"260",265,"AZIL350S"
"261",266,"AZURT250"
"262",267,"AZURT247"
"263",268,"BACHO391"
"264",269,"BACHO353"
"265",270,"BACHO385"
"266",271,"BACH386S"
"267",272,"BACHO404"
"268",273,"BACHO408"
"269",274,"BCHO406"
"270",275,"BACH408S"
"271",276,"BACHO405"
"272",277,"BACHQ114"
"273",278,"BACHA144"
"274",279,"BACHA167"
"275",280,"BACHA130"
"276",281,"BACHA107"
"277",282,"BACHA118"
"278",283,"BACHA163"
"279",284,"BADKT389"
"280",285,"BADAK413"
"281",286,"BADAK390"
"282",287,"BADIN446"
"283",288,"BAHRN314"
"284",289,"BAHGN2970"
"285",290,"BAKEL345"
"286",291,"BAKKN423"
"287",292,"BAKN425"
"288",293,"BAKN419a"
"289",294,"BAKKN433a"
"290",295,"BAKKN417"
"291",296,"BAKN418W"
"292",297,"BAKEN423"
"293",298,"BAKKN415"
"294",299,"BAKKN409"
"295",300,"BAKKN408"
"296",301,"BAKKN406"
"297",302,"BKNWL417"
"298",303,"BALDR319"
"299",304,"BALNV498"
"300",305,"BAMBO217"
"301",306,"BNANG395"
"302",307,"BANFF378"
"303",308,"BANGK560"
"304",309,"BANKO333"
"305",310,"BAMGSC291"
"306",311,"BANU319"
"307",312,"BAOBA236"
"308",313,"BARES209"
"309",314,"BAROI361"
"310",315,"BAROI375"
"311",316,"BAROI377"
"312",317,"BASRA299"
"313",318,"BASRA292"
"314",319,"BSRAH240"
"315",320,"BASRH264"
"316",321,"BASRH236"
"317",322,"BASRA301"
"318",323,"BASRA342"
"319",324,"BASRA337"
"320",325,"BASR302S"
"321",326,"BASRA306"
"322",327,"BASR297S"
"323",328,"BASRA339"
"324",329,"BASRA315"
"325",330,"BASRL301"
"326",331,"BASRM306"
"327",332,"BASRA294"
"328",333,"BASRL300"
"329",334,"BASR295W"
"330",335,"BATNG218"
"331",336,"BXTRV167"
"332",337,"BAYMC260"
"333",338,"BAYMC218"
"334",339,"BAYOU322"
"335",340,"BYUND637"
"336",341,"BAYUN609"
"337",342,"BBLT340"
"338",343,"BBLT336"
"339",344,"BBLTC330"
"340",345,"BCLT395S"
"341",346,"BCLIT384"
"342",347,"BCLTM414"
"343",348,"BCLTM405S"
"344",349,"BCLTM406"
"345",350,"BCF24234"
"346",351,"BCF22218"
"347",352,"BDCON429"
"348",353,"BRRVR253"
"349",354,"BEKPI428"
"350",355,"BEKPI396"
"351",356,"BKAPI432"
"352",357,"BKAPI402"
"353",358,"BLNK466S"
"354",359,"BELNK483"
"355",360,"BELNK532"
"356",361,"BELNK511"
"357",362,"BLNAK532"
"358",363,"BELNK467"
"359",364,"BLNAK547"
"360",365,"BELNK487"
"361",366,"BELNK452"
"362",367,"BELNK433"
"363",368,"BLYML211"
"364",369,"BLYMM288"
"365",370,"BELYM271"
"366",371,"BELYM280"
"367",372,"BELYM236"
"368",373,"BELYM275"
"369",374,"BELDA466"
"370",375,"BLIDA453"
"371",376,"Blid450s"
"372",377,"BLIDA463"
"373",378,"BLID455S"
"374",379,"BLIDA451"
"375",380,"BELIZ335"
"376",381,"BELZL404"
"377",382,"BELIZ385"
"378",383,"WYOMG386"
"379",384,"BELPRE569"
"380",385,"BLRDG317"
"381",386,"BLRDG278"
"382",387,"BLRDG137"
"383",388,"BLRDG140"
"384",389,"BENVS308"
"385",390,"BNCHM417"
"386",391,"BENCH574"
"387",392,"BENC423W"
"388",393,"BENCH426"
"389",394,"BENC432S"
"390",395,"BENCH414"
"391",396,"BENCH425"
"392",397,"BENCH413"
"393",398,"BENCH424"
"394",399,"BENCH362"
"395",400,"BNGLA344"
"396",401,"BNGLA231"
"397",402,"BNGLA239"
"398",403,"BNGLA241"
"399",404,"BERNT531"
"400",405,"BERCND697"
"401",406,"BERTM348"
"402",407,"BERYL377"
"403",408,"BETA159"
"404",409,"BETA169"
"405",410,"BVRLY292"
"406",411,"BYBAN506"
"407",412,"BJORO454"
"408",413,"BJPRA302"
"409",414,"BIJUP284"
"410",415,"BILON227"
"411",416,"BIMA200"
"412",417,"BNTLU375"
"413",418,"BNTLU590"
"414",419,"BNTLU599"
"415",420,"BNTLU389"
"416",421,"BINTL366"
"417",422,"BLKW328S"
"418",423,"BLKTP467"
"419",424,"BLAKE301S"
"420",425,"BLAKE305"
"421",426,"BFPCH339"
"422",427,"BFPNK295"
"423",428,"BLDF332S"
"424",429,"BLDF304S"
"425",430,"BLK17358"
"426",431,"BOHAI156"
"427",432,"BOHAI108"
"428",433,"BOLVN503"
"429",434,"BLVN591W"
"430",435,"BOLVN493"
"431",436,"BLVN613C"
"432",437,"BOLOB168"
"433",438,"BOMBA392"
"434",439,"BONGA307"
"435",440,"BONGA294"
"436",441,"BONGA286"
"437",442,"BONGA306"
"438",443,"BONGA296"
"439",444,"BONGA295"
"440",445,"BONGA302"
"441",446,"BNGKT573"
"442",447,"BNGOR325"
"443",448,"BNITO353"
"444",449,"BNITO349"
"445",450,"BNITO319"
"446",451,"BONGL315"
"447",452,"BONGL415"
"448",453,"BONLT335"
"449",454,"BONLT354"
"450",455,"BONLT351"
"451",456,"BONLT329"
"452",457,"BONLT353"
"453",458,"BNYLT356"
"454",459,"BONYL352"
"455",460,"BONYL343"
"456",461,"BONYL341"
"457",462,"BONL332S"
"458",463,"BONYL374"
"459",464,"BONYL354"
"460",465,"BONYM258"
"461",466,"BONYM252"
"462",467,"BONTG508"
"463",468,"BRC770"
"464",469,"BHB218"
"465",470,"BHB238"
"466",471,"BOSCN102"
"467",472,"BOSCN105"
"468",473,"BOSCN104"
"469",474,"BOSCN89"
"470",475,"BNDLK3509"
"471",476,"BNDRY360"
"472",477,"BNDR345S"
"473",478,"BDYLK351"
"474",479,"BNDRL357"
"475",480,"BNDRL360"
"476",481,"BOURRI260"
"477",482,"BOURI260"
"478",483,"BWRVR245"
"479",484,"BOWRH252"
"480",485,"BOWRH253"
"481",486,"BOWRH247"
"482",487,"BOWRN206"
"483",488,"BOWRV194s"
"484",489,"BOWR239S"
"485",490,"BOWRV225s"
"486",491,"BHZNG179"
"487",492,"BHZNG170"
"488",493,"BHZNG167"
"489",494,"BRASS373"
"490",495,"BRASS344"
"491",496,"BRASS360"
"492",497,"BRASS415"
"493",498,"BRASS423"
"494",499,"BRASS363"
"495",500,"BRSRV430"
"496",501,"BRSRV415"
"497",502,"BREGA637"
"498",503,"BRENT376"
"499",504,"BRENT375"
"500",505,"BRENT379"
"501",506,"BRTPL373"
"502",507,"BRENB382"
"503",508,"BRENT380"
"504",509,"BRENT374"
"505",510,"BRENT383"
"506",511,"BRTPL383"
"507",512,"BRENT373"
"508",513,"BRENT382"
"509",514,"BRNTB383"
"510",515,"BRSAY108"
"511",516,"EMPIR292"
"512",517,"BRTNA514"
"513",518,"BRBLX438"
"514",519,"BRUNI659"
"515",520,"BRNLT441"
"516",521,"BRNLT458"
"517",522,"BRNLT450"
"518",523,"BRUNI403"
"519",524,"BRNEI403"
"520",525,"BRTUS355"
"521",526,"BRWA14_458"
"522",527,"BRYMD334"
"523",528,"AZRI362S"
"524",529,"BATFL430"
"525",530,"BUTFL427"
"526",531,"BUTFA429"
"527",532,"BULNG262"
"528",533,"BULNG270"
"529",534,"BULNG252"
"530",535,"BUTFL432"
"531",536,"VISTA272"
"532",537,"BUKHA668S"
"533",538,"BUKHA452"
"534",539,"BUNGK376"
"535",540,"BUNGK391S"
"536",541,"BNGK387S"
"537",542,"BUNGK384S"
"538",543,"BUNGK393"
"539",544,"BNGAK415"
"540",545,"BUNGA376"
"541",546,"BNORK367"
"542",547,"BNORK381"
"543",548,"BNORK359"
"544",549,"BRGMN240"
"545",550,"KEMR339"
"546",551,"WYOMG314"
"547",552,"BUZ250BP"
"548",553,"BZRD326C"
"549",554,"BUZRD326"
"550",555,"BIBYN432"
"551",556,"SNC3B589"
"552",557,"CNV433W"
"553",558,"CBINDA323"
"554",559,"ANGLA312"
"555",560,"CBND327W"
"556",561,"CBND326C"
"557",562,"CBNDA322"
"558",563,"CBNDA321"
"559",564,"CBNDA325"
"560",565,"ANGLA320"
"561",566,"CBNDA317"
"562",567,"CBNDA318"
"563",568,"CBNDA329"
"564",569,"CBNDA312"
"565",570,"CKWLA526"
"566",571,"CKWL563W"
"567",572,"CLCNL411"
"568",573,"CLCNL408"
"569",574,"CCUTA177"
"570",575,"CLYPS301S"
"571",576,"CLPSO319"
"572",577,"CLYPS290"
"573",578,"CLYP291S"
"574",579,"CLYPS299"
"575",580,"CAMAR296"
"576",581,"CHDILBIT169"
"577",582,"CNDMX358"
"578",583,"CANSC247"
"579",584,"CNADN257"
"580",585,"CNDON261"
"581",586,"CNCRK408"
"582",587,"CNLMN302"
"583",588,"CNLM300C"
"584",589,"CNLMN296"
"585",590,"CNLM292S"
"586",591,"CNLM288S"
"587",592,"CNOLM288"
"588",593,"CNOLM297"
"589",594,"CAPR407S"
"590",595,"CAPTN192"
"591",596,"CAPTN197"
"592",597,"CAPTN198"
"593",598,"CAPT191S"
"594",599,"CAPT197S"
"595",600,"CRDSWT375"
"596",601,"CARPT173"
"597",602,"CARPT240"
"598",603,"CMPLS248"
"599",604,"CAROL541"
"600",605,"CARPN242"
"601",606,"CARTR439"
"602",607,"CARTR436"
"603",608,"CARTR510"
"604",609,"CASAB325"
"605",610,"CASAB324"
"606",611,"CASCD250"
"607",612,"CASCD238"
"608",613,"CASCD227"
"609",614,"CSCAD220"
"610",615,"CASTI133"
"611",616,"CSTILA183"
"612",617,"CSTLA194"
"613",618,"CSTLA182"
"614",619,"CASTI173"
"615",620,"CSTLA179"
"616",621,"CSTLA192"
"617",622,"CASTI132"
"618",623,"CSTHV168"
"619",624,"CASTI208"
"620",625,"CASTI190"
"621",626,"CATCN128"
"622",627,"CATCN116"
"623",628,"CTCHR301"
"624",629,"CECLK238"
"625",630,"CCCND462"
"626",631,"CEIBA307"
"627",632,"CEIBA280"
"628",633,"CEIBA299"
"629",634,"CENDR417"
"630",635,"CRNEG173"
"631",636,"CFD179S"
"632",637,"CFD186"
"633",638,"CHABA366"
"634",639,"CHAD206"
"635",640,"KOMLK554"
"636",641,"CHALL395"
"637",642,"CHALS399"
"638",643,"CHAMP331"
"639",644,"CHAMP308"
"640",645,"CHAMP306"
"641",646,"CHAMP287"
"642",647,"CHAMP254"
"643",648,"CHAZA278"
"644",649,"CHCHM215"
"645",650,"CHKLN367"
"646",651,"CHELK394"
"647",652,"CHNT281W"
"648",653,"CHSNT282"
"649",654,"CHSNT293"
"650",655,"CHICH198"
"651",656,"CHSAO421"
"652",657,"CHMSAO394"
"653",658,"CHSAO401"
"654",659,"CHING269"
"655",660,"CHIRQ340"
"656",661,"CRSTN199"
"657",662,"CRSTNDB216"
"658",663,"CINTA308"
"659",664,"CINTA312"
"660",665,"CINTA322"
"661",666,"CINTM320"
"662",667,"CINTA325"
"663",668,"CINTA311"
"664",669,"CLARR234"
"665",670,"CLAIR234"
"666",671,"CLAIR235S"
"667",672,"CLAIR224"
"668",673,"CLAIR237"
"669",674,"CLAIR231"
"670",675,"CLYMR281"
"671",676,"CLOV318"
"672",677,"CLOV332"
"673",678,"CLOV300"
"674",679,"CLOV307"
"675",680,"COALP208"
"676",681,"ECOAL301"
"677",682,"COSTL253"
"678",683,"COSTL341"
"679",684,"COAS213S"
"680",685,"COBAN232"
"681",686,"COCO306"
"682",687,"COHST505"
"683",688,"CLDLK197"
"684",689,"CLDLAK228"
"685",690,"CLDLK223"
"686",691,"CLDLK212"
"687",692,"CDLKN248"
"688",693,"COLDLK214"
"689",694,"CLDLK228"
"690",695,"CLDLK211"
"691",696,"CLDLK230"
"692",697,"CONGO304"
"693",698,"COCO307"
"694",699,"CNCHR143"
"695",700,"CNCHR153"
"696",701,"COOKI391"
"697",702,"COOKI335"
"698",703,"COOKI315"
"699",704,"COPER446"
"700",705,"COPER431"
"701",706,"COPER496"
"702",707,"CORCR259"
"703",708,"CORCR227"
"704",709,"COSACK494"
"705",710,"COSAK477"
"706",711,"COSAK480"
"707",712,"COSAK482"
"708",713,"COSAK473"
"709",714,"COVNT395"
"710",715,"COYOT283"
"711",716,"CPCBLD442"
"712",717,"CPCBL447"
"713",718,"CPC455"
"714",719,"CPCBL440"
"715",720,"CPCBL458"
"716",721,"CPCBD454"
"717",722,"CPCBL460"
"718",723,"CPCPL432"
"719",724,"CPCNT454"
"720",725,"CPCBL453"
"721",726,"CPCBL454"
"722",727,"SLCPP376"
"723",728,"CRSNT452"
"724",729,"CRUX490"
"725",730,"CRZDSUR500"
"726",731,"cupia432"
"727",732,"CURLW530"
"728",733,"CURLW513"
"729",734,"CUSNA422"
"730",735,"CUSNA418"
"731",736,"CUSNA432"
"732",737,"CSANA363"
"733",738,"CUSI419S"
"734",739,"CUSNA348"
"735",740,"SJV_CYMRC124"
"736",741,"CYMRC327"
"737",742,"CYMRC344"
"738",743,"DHUNG359"
"739",744,"DIHNG353"
"740",745,"DHUNG300"
"741",746,"DHUNG297"
"742",747,"DHUN297S"
"743",748,"DHUNG317"
"744",749,"DALIA234"
"745",750,"DALIA227"
"746",751,"DALIA238"
"747",752,"DALIB238"
"748",753,"DALIA233"
"749",754,"DALI231"
"750",755,"DALIA237"
"751",756,"DANFX300"
"752",757,"DANIS347"
"753",758,"TCHNG324"
"754",759,"TCHNG316"
"755",760,"TCHNG322"
"756",761,"DARBL284"
"757",762,"DRIUS336"
"758",763,"DASBL396"
"759",764,"DASBL392"
"760",765,"DASCR392"
"761",766,"DERUY390"
"762",767,"CONGO316"
"763",768,"DEPROP720"
"764",769,"DERUY424"
"765",770,"DIHOV309"
"766",771,"DIGMU402"
"767",772,"HMDCO168"
"768",773,"DYRBK348"
"769",774,"DJENO302"
"770",775,"DJENO273"
"771",776,"DJENO296"
"772",777,"DJENO267"
"773",778,"DJENO276"
"774",779,"DJENO274"
"775",780,"DJENO280"
"776",781,"DOBA211R"
"777",782,"DOBA251"
"778",783,"DOBA258"
"779",784,"DOBA210"
"780",785,"CHAD204"
"781",786,"DOBA212"
"782",787,"DLPHN578"
"783",788,"DSWJC421"
"784",789,"DON357C"
"785",790,"DRTEA311"
"786",791,"DUGLS431"
"787",792,"DRAGN402"
"788",793,"DRAGN399"
"789",794,"DRAGN397"
"790",795,"DRAUG399"
"791",796,"DRAGN405"
"792",797,"DRAGN398"
"793",798,"DRAGN396"
"794",799,"DRTVLY367"
"795",800,"DRIFT384"
"796",801,"DUBAI308"
"797",802,"DUBAI315a"
"798",803,"DUBAI320"
"799",804,"DUBAI312"
"800",805,"DBOT409S"
"801",806,"DUCBL339"
"802",807,"DUC336"
"803",808,"DUC339"
"804",809,"DANSK335"
"805",810,"DULNG378"
"806",811,"DULAG372"
"807",812,"DULNG386"
"808",813,"DULNG372"
"809",814,"DMBRT384"
"810",815,"DMBRT402"
"811",816,"DBRT391W"
"812",817,"DMBRT376"
"813",818,"DURI200"
"814",819,"DURI203"
"815",820,"DURIH208"
"816",821,"DURIH213"
"817",822,"DURIH220"
"818",823,"DURIN162"
"819",824,"DURIS204"
"820",825,"DWS296"
"821",826,"ETEXM274"
"822",827,"EA305"
"823",828,"EAXXX388"
"824",829,"EACRD382"
"825",830,"EGLFD447"
"826",831,"EGLFD604"
"827",832,"EGLFD444"
"828",833,"EGLFD556"
"829",834,"EGLFD507"
"830",835,"EGFRD528"
"831",836,"EGFRD525"
"832",837,"EFDVN500"
"833",838,"EGFRD428"
"834",839,"EGLFR398"
"835",840,"EAGLE446"
"836",841,"EGLFRD465"
"837",842,"EGFRD524"
"838",843,"EFNPC525"
"839",844,"EGFRD419"
"840",845,"EFPLN428"
"841",846,"EGLFS267"
"842",847,"EFSSL551"
"843",848,"EFWSL527"
"844",849,"EBOK211"
"845",850,"EBOK212"
"846",851,"EBOK202"
"847",852,"EBOK138"
"848",853,"EBOK293"
"849",854,"EBOKBLD211"
"850",855,"OCPHV182"
"851",856,"EDMON400"
"852",857,"EGPAB608"
"853",858,"EKOFK384"
"854",859,"EKOFK439"
"855",860,"EKOFK377"
"856",861,"EKOFI377"
"857",862,"EKOFK378"
"858",863,"EKOFK375"
"859",864,"EKOFK389"
"860",865,"EKOFK393"
"861",866,"EKOFK421"
"862",867,"EKOFK401"
"863",868,"EPSOR334"
"864",869,"KLYSN436"
"865",870,"ELSHR431"
"866",871,"ELSHR412"
"867",872,"ELWAF563"
"868",873,"ELANG538"
"869",874,"EBRVBT114"
"870",875,"ELBRV292"
"871",876,"ELBRV285"
"872",877,"ELBRV288"
"873",878,"ELBRV193"
"874",879,"ELBWLS411"
"875",880,"ELRVB380"
"876",881,"ELPHT455"
"877",882,"ELKHL218"
"878",883,"ELKHL257"
"879",884,"ELKHL203"
"880",885,"ELKHL240"
"881",886,"ELKST356"
"882",887,"ELKST359"
"883",888,"ELKST369"
"884",889,"ELWD215S"
"885",890,"ELWOD211"
"886",891,"EMRDE232"
"887",892,"EMPI337S"
"888",893,"EMPIR302"
"889",894,"EMPIR317"
"890",895,"EMPIR323"
"891",896,"EMPIR325"
"892",897,"ENBRG630"
"893",898,"ECAN527W"
"894",899,"ENFLD220"
"895",900,"ENFLD217"
"896",901,"EOCEN179"
"897",902,"EOCENTK183"
"898",903,"EOCEN193"
"899",904,"EOCEN185"
"900",905,"EOCEN182"
"901",906,"EOCNE181"
"902",907,"EOCN182S"
"903",908,"EOCEN184"
"904",909,"ELPS411S"
"905",910,"ERWNC575"
"906",911,"ERWAN590"
"907",912,"ERAWN560"
"908",913,"ERWAN585"
"909",914,"ERHA331"
"910",915,"ERHA350"
"911",916,"ERHA342"
"912",917,"ERHA318"
"913",918,"ERHA354"
"914",919,"ESIDR367"
"915",920,"ESIDR359"
"916",921,"ESCLT238"
"917",922,"ESCLT243"
"918",923,"ESCAL224"
"919",924,"ESCL240W"
"920",925,"ESCL239S"
"921",926,"ESCAL236"
"922",927,"ESCLT244"
"923",928,"ESCRV322"
"924",929,"ESCRA338"
"925",930,"ESCRA324"
"926",931,"SCRVS360"
"927",932,"ESCRV330S"
"928",933,"ESCRV324"
"929",934,"ESCRV331"
"930",935,"SCRVS359"
"931",936,"ESCRV338"
"932",937,"ESCRV342"
"933",938,"ESCRV364"
"934",939,"ESCR328S"
"935",940,"SCRVS365"
"936",941,"SCRVS362"
"937",942,"ESCRV337"
"938",943,"ESCRA335"
"939",944,"ESCRV355"
"940",945,"ESMRD287"
"941",946,"ESPAD271"
"942",947,"ESPO354"
"943",948,"ESPO349"
"944",949,"ESPOK349"
"945",950,"ESPO356"
"946",951,"ESPO346"
"947",952,"ESPO360"
"948",953,"ESPOK345"
"949",954,"ESPOR322"
"950",955,"ESPOI322"
"951",956,"ESPOI330"
"952",957,"ESNGO339"
"953",958,"ETAME355"
"954",959,"ETAME330"
"955",960,"ETAME359"
"956",961,"ETAME353"
"957",962,"ETAME352"
"958",963,"ETRC375S"
"959",964,"ETTRC368"
"960",965,"ETRIC394"
"961",966,"EUGN319W"
"962",967,"EUGN335W"
"963",968,"EUGNI344"
"964",969,"EUGNI341"
"965",970,"EUGNI332"
"966",971,"EUGN337W"
"967",972,"EWAN212"
"968",973,"FDHLI370"
"969",974,"FATEH308"
"970",975,"FEDRT390"
"971",976,"FEDRT407"
"972",977,"FINAS333"
"973",978,"FLOTT351"
"974",979,"FLOTA357"
"975",980,"FLOTA351"
"976",981,"FLOTA356"
"977",982,"FOINV268"
"978",983,"FOINV261"
"979",984,"FRCDS304"
"980",985,"FRCDS315"
"981",986,"FRCDS298"
"982",987,"FRCDS294"
"983",988,"FRCDS304S"
"984",989,"FRCDS295"
"985",990,"FRCDS281"
"986",991,"FRCDO281"
"987",992,"FRCDS306"
"988",993,"FRKDM454"
"989",994,"FORZN317"
"990",995,"FORZN302"
"991",996,"FOROZ297"
"992",997,"FRTYS413"
"993",998,"FRTYS403"
"994",999,"FRTIS387"
"995",1000,"FRTYS405"
"996",1001,"FRTYS416"
"997",1002,"FRTYS384"
"998",1003,"FRTYS447"
"999",1004,"FRTYS434"
"1000",1005,"FRTYS366"
"1001",1006,"FRTYS370"
"1002",1007,"FRTYS417"
"1003",1008,"FOSTN215"
"1004",1009,"FCRNS390"
"1005",1010,"FRCHN271"
"1006",1011,"FRADE180"
"1007",1012,"FRADE199"
"1008",1013,"FRADE193"
"1009",1014,"FRADE198"
"1010",1015,"FRADE205"
"1011",1016,"FRADE222"
"1012",1017,"FURIL299"
"1013",1018,"FURIL274"
"1014",1019,"FURIL291"
"1015",1020,"FURIL285"
"1016",1021,"GABE177S"
"1017",1022,"GLEOT328"
"1018",1023,"GLEOT421"
"1019",1024,"GLEO428S"
"1020",1025,"PWNLT362"
"1021",1026,"GAMBA314"
"1022",1027,"GCOSN350"
"1023",1028,"GCOSN331"
"1024",1029,"GISUM189"
"1025",1030,"GELA159"
"1026",1031,"GENES282"
"1027",1032,"GERAG426"
"1028",1033,"GERAG464"
"1029",1034,"GETTY136"
"1030",1035,"GHANA371"
"1031",1036,"GBLTS333"
"1032",1037,"GMBOA244"
"1033",1038,"GMBOA253"
"1034",1039,"GMBO266C"
"1035",1040,"GMBOA237"
"1036",1041,"GMBOA243"
"1037",1042,"GMBOA275"
"1038",1043,"GINAK282"
"1039",1044,"GPSLD469"
"1040",1045,"GIPLAND546"
"1041",1046,"GPSL515C"
"1042",1047,"GIPSL537"
"1043",1048,"GIPSL523"
"1044",1049,"GIPPS468"
"1045",1050,"GPSLD454"
"1046",1051,"GIPPS462"
"1047",1052,"GRSOL309"
"1048",1053,"GIRSL302"
"1049",1054,"GRSL313S"
"1050",1055,"GRSOL311"
"1051",1056,"GIRSL299"
"1052",1057,"GRSL308S"
"1053",1058,"GRSOL316"
"1054",1059,"GKICES383"
"1055",1060,"GLNRS421"
"1056",1061,"GLITN319"
"1057",1062,"GLITN329"
"1058",1063,"GOBEM438"
"1059",1064,"GOBEM443"
"1060",1065,"GOBE461"
"1061",1066,"GOBEM464"
"1062",1067,"GOBE465"
"1063",1068,"GOBES445"
"1064",1069,"GOBES437"
"1065",1070,"GOBES467"
"1066",1071,"GOLAT403"
"1067",1072,"GOLIT403"
"1068",1073,"GDWYN565"
"1069",1074,"GORGN524"
"1070",1075,"GORGN483"
"1071",1076,"GORGN543"
"1072",1077,"GORGN539"
"1073",1078,"GORM339"
"1074",1079,"GORM338"
"1075",1080,"GORML319"
"1076",1081,"GORMF315"
"1077",1082,"GML472"
"1078",1083,"GRANE203"
"1079",1084,"GRANE237"
"1080",1085,"GRANE257"
"1081",1086,"GRANE284"
"1082",1087,"GRANE244"
"1083",1088,"GRANE190"
"1084",1089,"GRANE187"
"1085",1090,"GRANB191"
"1086",1091,"GRANE191"
"1087",1092,"GRANE185"
"1088",1093,"GRTDVD169"
"1089",1094,"GRTDVD083"
"1090",1095,"GRNCN247"
"1091",1096,"GRNCN249"
"1092",1097,"GRNC294S"
"1093",1098,"GRNCN304"
"1094",1099,"GRIFN550"
"1095",1100,"GRISK557"
"1096",1101,"GRYPH214"
"1097",1102,"GUAFI286"
"1098",1103,"GNDRN507"
"1099",1104,"GUDRN487"
"1100",1105,"GUDRN499"
"1101",1106,"GHILL345"
"1102",1107,"GULFKS391"
"1103",1108,"GLFKA321"
"1104",1109,"GULAC362"
"1105",1110,"GULFK378"
"1106",1111,"GULFK403"
"1107",1112,"GUFLK375"
"1108",1113,"GULFC355"
"1109",1114,"GULFC358"
"1110",1115,"GULFC347"
"1111",1116,"GLFKS285"
"1112",1117,"GWDYR345"
"1113",1118,"HAITHCH393"
"1114",1119,"HAMAC214"
"1115",1120,"HAMAC84"
"1116",1121,"HAMAC88"
"1117",1122,"HAMAC257"
"1118",1123,"HAMBL260"
"1119",1124,"HMAC171"
"1120",1125,"HAMAC260"
"1121",1126,"HMDCO170"
"1122",1127,"HMDCO172"
"1123",1128,"hamac259"
"1124",1129,"HAMAC74"
"1125",1130,"HAMBRG350"
"1126",1131,"HMTDM187"
"1127",1132,"HNDIL413"
"1128",1133,"HANDL327"
"1129",1134,"HANDL404"
"1130",1135,"HARDG206"
"1131",1136,"HARDG207"
"1132",1137,"HARD198S"
"1133",1138,"HRDTY304"
"1134",1139,"HRMTN391"
"1135",1140,"HATPD665"
"1136",1141,"HAWK330"
"1137",1142,"HAYHR464"
"1138",1143,"HLS323"
"1139",1144,"HLS317"
"1140",1145,"HLSAU318"
"1141",1146,"HEBRN201"
"1142",1147,"HEBRN200"
"1143",1148,"HEBRN231"
"1144",1149,"HEGLG286"
"1145",1150,"HDLBG354"
"1146",1151,"HEDRN250"
"1147",1152,"HEDRN266"
"1148",1153,"HEDR275S"
"1149",1154,"HEDRN281"
"1150",1155,"HEDRN289"
"1151",1156,"HEDRN286"
"1152",1157,"HEDRN254"
"1153",1158,"HELM275"
"1154",1159,"HELM261S"
"1155",1160,"HLMRV223"
"1156",1161,"HNDRK328"
"1157",1162,"HNDRK350"
"1158",1163,"HNDRK309"
"1159",1164,"HNDRK400"
"1160",1165,"HIBER339"
"1161",1166,"HIBNA351"
"1162",1167,"HIBNA341"
"1163",1168,"HIBER358"
"1164",1169,"HIBER360"
"1165",1170,"HIBER352"
"1166",1171,"HIBER350"
"1167",1172,"HIBER328"
"1168",1173,"HIBER321"
"1169",1174,"HIBER345"
"1170",1175,"HBNIA335"
"1171",1176,"HIBNA347"
"1172",1177,"HIDES551"
"1173",1178,"HIDRA571"
"1174",1179,"HPBHA011"
"1175",1180,"HLSEMP350"
"1176",1181,"HONDO253"
"1177",1182,"HONDO172"
"1178",1183,"HONDO193"
"1179",1184,"HOOPS342"
"1180",1185,"HOOPS355"
"1181",1186,"HOOPS316"
"1182",1187,"HOOPS322"
"1183",1188,"HOSBH47"
"1184",1189,"HOSBL61"
"1185",1190,"HOUT320"
"1186",1191,"HOUT325"
"1187",1192,"HOUT328"
"1188",1193,"HSBS307S"
"1189",1194,"HSBSY356"
"1190",1195,"HUIZU390"
"1191",1196,"HUNGO294"
"1192",1197,"HUNGO274"
"1193",1198,"HUNGO285"
"1194",1199,"HUNG290S"
"1195",1200,"HNTGN144"
"1196",1201,"HNTGN218"
"1197",1202,"HNTGN213"
"1198",1203,"IAGFU440"
"1199",1204,"ICTHYS497"
"1200",1205,"IKANP480"
"1201",1206,"ILAM657"
"1202",1207,"IMAEX472"
"1203",1208,"INGWD222"
"1204",1209,"INGWD244"
"1205",1210,"INPRV382"
"1206",1211,"INPRV351"
"1207",1212,"INPRV390"
"1208",1213,"INPRV401"
"1209",1214,"IRACMA316"
"1210",1215,"IRACMA314"
"1211",1216,"IRANH295"
"1212",1217,"IRANH309"
"1213",1218,"IRANH302"
"1214",1219,"IRAH296S"
"1215",1220,"IRANH308"
"1216",1221,"IRNLT335"
"1217",1222,"IRANL335"
"1218",1223,"IRANL324"
"1219",1224,"ISTHM326"
"1220",1225,"ISTMS322"
"1221",1226,"ISTHM320"
"1222",1227,"ISMUS332"
"1223",1228,"ISMUS316"
"1224",1229,"ISMUX331"
"1225",1230,"ISMUS333"
"1226",1231,"ISMUS331"
"1227",1232,"ISTP251S"
"1228",1233,"JABRU421"
"1229",1234,"JANZ505"
"1230",1235,"JASMN314"
"1231",1236,"JASMN346"
"1232",1237,"JASMN328"
"1233",1238,"JATIB371"
"1234",1239,"JAYPV518"
"1235",1240,"JAYMX498"
"1236",1241,"JOBO92"
"1237",1242,"JOTUN489"
"1238",1243,"JOTUN409"
"1239",1244,"JOTUN377"
"1240",1245,"JOTUN410"
"1241",1246,"JOTUN417"
"1242",1247,"JUBRT168"
"1243",1248,"JUBRT171"
"1244",1249,"JUBIL376"
"1245",1250,"JUBIL364"
"1246",1251,"KAJI393"
"1247",1252,"KAJI374S"
"1248",1253,"KALAM245"
"1249",1254,"KLGRD405"
"1250",1255,"KMBLA317"
"1251",1256,"BNKAM514"
"1252",1257,"KANGN643"
"1253",1258,"KAPAL415"
"1254",1259,"KARAG453"
"1255",1260,"KARCH453"
"1256",1261,"KARCH466"
"1257",1262,"KARACHAG461"
"1258",1263,"KRAG458"
"1259",1264,"KARCH460"
"1260",1265,"KARAC451"
"1261",1266,"KARAG447"
"1262",1267,"KARAG459"
"1263",1268,"KARCH457"
"1264",1269,"KARAG454"
"1265",1270,"KARAG457"
"1266",1271,"KARAG455"
"1267",1272,"KARAC447"
"1268",1273,"KARCH465"
"1269",1274,"KARCH454"
"1270",1275,"KARAC468"
"1271",1276,"KRKCK192"
"1272",1277,"KTLLA317"
"1273",1278,"KABOB546"
"1274",1279,"KABOB567"
"1275",1280,"KEARL211"
"1276",1281,"KERLW216"
"1277",1282,"KEARL217"
"1278",1283,"KERLDB202"
"1279",1284,"KEARL226"
"1280",1285,"KEARL203"
"1281",1286,"KLSN412S"
"1282",1287,"KLYSN413"
"1283",1288,"KERPU433"
"1284",1289,"KERPU435"
"1285",1290,"KERNR138"
"1286",1291,"KERNR134"
"1287",1292,"KERNR136"
"1288",1293,"KERNR144"
"1289",1294,"KERNR142"
"1290",1295,"SUNCK362"
"1291",1296,"KTPNG372"
"1292",1297,"KETPNG368"
"1293",1298,"KTLMN375"
"1294",1299,"KTLMN333"
"1295",1300,"KAFJI285"
"1296",1301,"KHALD415"
"1297",1302,"KHUMA336"
"1298",1303,"KIAME300"
"1299",1304,"KDRNG351"
"1300",1305,"KIDUR426"
"1301",1306,"KIDUR416a"
"1302",1307,"KIKEH380"
"1303",1308,"KIKEH375"
"1304",1309,"KIKEH363S"
"1305",1310,"KIKEH367"
"1306",1311,"KIKEH349"
"1307",1312,"KIKEH376"
"1308",1313,"KIMANS384"
"1309",1314,"KRKUK328"
"1310",1315,"KRKUK359"
"1311",1316,"KRKUK356"
"1312",1317,"KIRK352C"
"1313",1318,"KRKUK337"
"1314",1319,"KRTP144W"
"1315",1320,"KSSNJ303"
"1316",1321,"KISNJ282"
"1317",1322,"KSSNJ307"
"1318",1323,"KISNJ308"
"1319",1324,"KISN305S"
"1320",1325,"KITAN568"
"1321",1326,"KITNA373"
"1322",1327,"KITNA387"
"1323",1328,"KITNA372"
"1324",1329,"KNARR443"
"1325",1330,"KNELR384"
"1326",1331,"KOCH400C"
"1327",1332,"KOCHA360"
"1328",1333,"KOCH340"
"1329",1334,"KOKNG376"
"1330",1335,"KOLE297"
"1331",1336,"KOLE322"
"1332",1337,"KOME190"
"1333",1338,"KOME204"
"1334",1339,"KOME186"
"1335",1340,"KOME185"
"1336",1341,"KORLV429"
"1337",1342,"KRAKN134"
"1338",1343,"KRSTN465"
"1339",1344,"KUTO215W"
"1340",1345,"KUITO227"
"1341",1346,"KUITO197"
"1342",1347,"KUITO200"
"1343",1348,"KUIT195S"
"1344",1349,"KUITO190"
"1345",1350,"KUITO221"
"1346",1351,"KUIT214C"
"1347",1352,"KULIN234"
"1348",1353,"KULIN198"
"1349",1354,"KUMKL414"
"1350",1355,"KUNG377"
"1351",1356,"KUNG404"
"1352",1357,"KUPRK239"
"1353",1358,"KUPE525"
"1354",1359,"KUTOSL491"
"1355",1360,"KUTUBU449"
"1356",1361,"KUTBU504"
"1357",1362,"KUTBU441"
"1358",1363,"KUTBU448"
"1359",1364,"KUTUB441"
"1360",1365,"KUTBU444"
"1361",1366,"KUTBU447"
"1362",1367,"KUTBU491"
"1363",1368,"KUTBU459"
"1364",1369,"KUTBU466"
"1365",1370,"KUWAT301"
"1366",1371,"KUWIT297"
"1367",1372,"KUWAT314"
"1368",1373,"KUWAT304"
"1369",1374,"KUWAT310"
"1370",1375,"KUWAT309"
"1371",1376,"KUWAT145"
"1372",1377,"KYLEP377"
"1373",1378,"KYLCH454"
"1374",1379,"ZAKUM401"
"1375",1380,"LABUN302"
"1376",1381,"LABUN330"
"1377",1382,"LABUN299"
"1378",1383,"LABU310S"
"1379",1384,"LABUN306"
"1380",1385,"LABUN331"
"1381",1386,"LAGOC327"
"1382",1387,"LMEDI320"
"1383",1388,"LAGOT304"
"1384",1389,"LAGOT280"
"1385",1390,"LAGOT215"
"1386",1391,"LAGOT211"
"1387",1392,"LAGNA112"
"1388",1393,"LAGUN112"
"1389",1394,"LGUNA173"
"1390",1395,"LALNG347"
"1391",1396,"LALNG395"
"1392",1397,"LALN359S"
"1393",1398,"LAMIN592"
"1394",1399,"LAMIN594"
"1395",1400,"LNDNA314"
"1396",1401,"LNDNA360"
"1397",1402,"LNDNA332"
"1398",1403,"LNDNA330"
"1399",1404,"LNDN372S"
"1400",1405,"LANGS466"
"1401",1406,"LARCN065"
"1402",1407,"LARCN069"
"1403",1408,"LSPPDBIT131"
"1404",1409,"LAVAN362"
"1405",1410,"LAVAN352"
"1406",1411,"LEGDR438"
"1407",1412,"LEONA235"
"1408",1413,"LEONA251"
"1409",1414,"LEONA236"
"1410",1415,"LEONA207"
"1411",1416,"PRKLT327"
"1412",1417,"LION484"
"1413",1418,"LION360"
"1414",1419,"LSBRN270"
"1415",1420,"LITHN410"
"1416",1421,"LUHUA215"
"1417",1422,"LUHUA213"
"1418",1423,"LVRPL450"
"1419",1424,"LVRPL433"
"1420",1425,"LLOYD211"
"1421",1426,"LOYDM216"
"1422",1427,"LLOYD123"
"1423",1428,"LLOYD125"
"1424",1429,"LOBST200"
"1425",1430,"LODANO648"
"1426",1431,"LKELE206"
"1427",1432,"LOKLE199"
"1428",1433,"LOMBO408"
"1429",1434,"LNGLK390"
"1430",1435,"LORET179"
"1431",1436,"LRETO180"
"1432",1437,"LORET183"
"1433",1438,"LORET185"
"1434",1439,"LORET182"
"1435",1440,"LORET181"
"1436",1441,"LORET214"
"1437",1442,"LORET193"
"1438",1443,"LORET332"
"1439",1444,"LORE193S"
"1440",1445,"LOSTH318"
"1441",1446,"LOSTH361"
"1442",1447,"LOSTH370"
"1443",1448,"LOSTH312"
"1444",1449,"LSLDR348"
"1445",1450,"LOT8B244"
"1446",1451,"LOUIS646"
"1447",1452,"ZKLT14398"
"1448",1453,"ZAKUM404"
"1449",1454,"LSB386"
"1450",1455,"LSB386W"
"1451",1456,"LLS367S"
"1452",1457,"WYOMG464"
"1453",1458,"LBVR290W"
"1454",1459,"LUBEB401"
"1455",1460,"LUBEB393"
"1456",1461,"LUCNA335"
"1457",1462,"LUCNA388"
"1458",1463,"LUCKY405"
"1459",1464,"LUCUL336"
"1460",1465,"LUCLA347"
"1461",1466,"LUFN332S"
"1462",1467,"LUFNG328"
"1463",1468,"LUFNG331"
"1464",1469,"LKAMI330"
"1465",1470,"LULA295wc"
"1466",1471,"TUPI293"
"1467",1472,"URALX148"
"1468",1473,"URALS145"
"1469",1474,"URALS137"
"1470",1475,"URALS139"
"1471",1476,"MAARI346"
"1472",1477,"MCKAYDIL221"
"1473",1478,"MKH209"
"1474",1479,"MKAY288S"
"1475",1480,"MADOG283"
"1476",1481,"MADUR460"
"1477",1482,"MADU479S"
"1478",1483,"MDURA422"
"1479",1484,"MHGNY228"
"1480",1485,"MAINP226"
"1481",1486,"MAINP224"
"1482",1487,"MALAM546"
"1483",1488,"MALAM535"
"1484",1489,"MALAM523R"
"1485",1490,"MALAM303"
"1486",1491,"MAMBU324"
"1487",1492,"MNDJI297"
"1488",1493,"MNDJI310"
"1489",1494,"MNIFA256"
"1490",1495,"MNIFA260"
"1491",1496,"MNIFA288"
"1492",1497,"MNIFA302"
"1493",1498,"MANO278"
"1494",1499,"MANORA276"
"1495",1500,"MLAGO223"
"1496",1501,"MLAGO165"
"1497",1502,"MLAGO215"
"1498",1503,"MARGM540"
"1499",1504,"MARIB451"
"1500",1505,"MARIB433"
"1501",1506,"MARIB495"
"1502",1507,"MARIB483"
"1503",1508,"MARIN152"
"1504",1509,"MARMX130"
"1505",1510,"MARIN121"
"1506",1511,"MARIN142"
"1507",1512,"MARSY216"
"1508",1513,"MARIN113"
"1509",1514,"MARLM229"
"1510",1515,"MARLM202"
"1511",1516,"MARLM195"
"1512",1517,"MARL200S"
"1513",1518,"MARLM197"
"1514",1519,"MARLM206"
"1515",1520,"MARLM228"
"1516",1521,"MARS292"
"1517",1522,"MARS304"
"1518",1523,"MARSB310"
"1519",1524,"MARSC296"
"1520",1525,"MARSP307"
"1521",1526,"MARSP282"
"1522",1527,"MARS296"
"1523",1528,"MARSP265"
"1524",1529,"MHILLS109"
"1525",1530,"MARTY318"
"1526",1531,"MARNKH415"
"1527",1532,"MAZ438"
"1528",1533,"MASA418"
"1529",1534,"MASA455S"
"1530",1535,"MASLA318"
"1531",1536,"MASL322C"
"1532",1537,"MASLA307"
"1533",1538,"MASLA306"
"1534",1539,"MALA311S"
"1535",1540,"MASON407"
"1536",1541,"MAUI430"
"1537",1542,"MAX1126"
"1538",1543,"MAYA207"
"1539",1544,"MAYA208C"
"1540",1545,"MAYAH212"
"1541",1546,"MAYA209"
"1542",1547,"MAYA205S"
"1543",1548,"MAYA204"
"1544",1549,"MAYA215"
"1545",1550,"MAYA212"
"1546",1551,"MAYA243"
"1547",1552,"MAYA222"
"1548",1553,"MAYA213"
"1549",1554,"MAYAT152"
"1550",1555,"MAYAT165S"
"1551",1556,"MAYN231S"
"1552",1557,"MAYNA213"
"1553",1558,"MAYNA211"
"1554",1559,"MAYNA258"
"1555",1560,"MAYNA208"
"1556",1561,"MBYA357"
"1557",1562,"MCAMY327"
"1558",1563,"MCAMY350"
"1559",1564,"MCAMY387"
"1560",1565,"MCAM410S"
"1561",1566,"MCKIT354"
"1562",1567,"MEDAN367"
"1563",1568,"MDNTO334"
"1564",1569,"MEDANT361"
"1565",1570,"MDNT329"
"1566",1571,"MDNTO349"
"1567",1572,"MEHAR557"
"1568",1573,"MLTAH386"
"1569",1574,"MELTH590"
"1570",1575,"MELIT415"
"1571",1576,"MDNTO351"
"1572",1577,"MNMTA208"
"1573",1578,"MEREY170"
"1574",1579,"MEREY151"
"1575",1580,"MEREY154"
"1576",1581,"MESA279"
"1577",1582,"MESA30295"
"1578",1583,"MESA280"
"1579",1584,"MESA334"
"1580",1585,"MESA312"
"1581",1586,"MESLU547"
"1582",1587,"MESLU490"
"1583",1588,"MZCAR353"
"1584",1589,"MIAND246"
"1585",1590,"MIAND234"
"1586",1591,"MIAND244"
"1587",1592,"MIAND242"
"1588",1593,"MIDAL296"
"1589",1594,"MIDWY110"
"1590",1595,"MIDWY118"
"1591",1596,"MLNPT195"
"1592",1597,"SUMAL353"
"1593",1598,"MIRI318"
"1594",1599,"MIRI355"
"1595",1600,"MIRLT297"
"1596",1601,"MIRI292"
"1597",1602,"MIRZA244"
"1598",1603,"MISSH180"
"1599",1604,"MSKAR610"
"1600",1605,"MISRI410"
"1601",1606,"MISHV182"
"1602",1607,"MSLTSR373"
"1603",1608,"MSHVY219"
"1604",1609,"MISS188W"
"1605",1610,"MISS224W"
"1606",1611,"MISS238W"
"1607",1612,"MHMD153S"
"1608",1613,"MOHO1318"
"1609",1614,"MOHO291S"
"1610",1615,"MONGS128"
"1611",1616,"MONDO268"
"1612",1617,"MONDO293"
"1613",1618,"MONDO302"
"1614",1619,"MONDO303"
"1615",1620,"MONDL213"
"1616",1621,"MNTNA322"
"1617",1622,"MNTR410C"
"1618",1623,"MNTRA345"
"1619",1624,"MNTRA348"
"1620",1625,"MONTB233"
"1621",1626,"MONTR403"
"1622",1627,"MORCH167"
"1623",1628,"MORCH156"
"1624",1629,"CSMSW377"
"1625",1630,"MUBRK383"
"1626",1631,"MUBRZ411"
"1627",1632,"MUDA528"
"1628",1633,"MUDI374"
"1629",1634,"MUDI382"
"1630",1635,"MUDIB373"
"1631",1636,"MURBN395"
"1632",1637,"MURBN407"
"1633",1638,"MBAN405"
"1634",1639,"MRBN402S"
"1635",1640,"MURBN400"
"1636",1641,"MRBN398S"
"1637",1642,"MRBAN403"
"1638",1643,"MURBN405"
"1639",1644,"MURBN404"
"1640",1645,"MURBN393"
"1641",1646,"MURN399S"
"1642",1647,"MUEXE431"
"1643",1648,"MUTIN432"
"1644",1649,"MUTEX434"
"1645",1650,"MYTON326"
"1646",1651,"MYTON304"
"1647",1652,"NANGN424"
"1648",1653,"NANH397S"
"1649",1654,"NAHAI390"
"1650",1655,"NANHI395"
"1651",1656,"NANHI385"
"1652",1657,"NAHAI449"
"1653",1658,"NAHAI383"
"1654",1659,"NANHM311"
"1655",1660,"NANH309S"
"1656",1661,"NAPO181S"
"1657",1662,"NAPO193"
"1658",1663,"NAPO187"
"1659",1664,"NAPO1932"
"1660",1665,"NAPO191"
"1661",1666,"NAPO192"
"1662",1667,"NAPO188"
"1663",1668,"NARE204"
"1664",1669,"NARE192"
"1665",1670,"NARE193"
"1666",1671,"NARE198W"
"1667",1672,"NAREM192"
"1668",1673,"NABUT512"
"1669",1674,"MOZMB630"
"1670",1675,"NDOLA360"
"1671",1676,"NEDRXL487"
"1672",1677,"NEDRXL452"
"1673",1678,"NMBA375"
"1674",1679,"NEMBA368"
"1675",1680,"NEMBA373"
"1676",1681,"NEMBA398"
"1677",1682,"NEMBA389"
"1678",1683,"NEMBA387"
"1679",1684,"NEMBA388"
"1680",1685,"NEMBA430"
"1681",1686,"NEMBA438"
"1682",1687,"NEMBA385"
"1683",1688,"NEMBA391"
"1684",1689,"NEMBA361"
"1685",1690,"NEMBA375"
"1686",1691,"NEMBC387"
"1687",1692,"NEMBA413"
"1688",1693,"NEUQN352"
"1689",1694,"NEWPT151"
"1690",1695,"NIL349BP"
"1691",1696,"SUDAN344"
"1692",1697,"SUDAN341"
"1693",1698,"SUDAN328"
"1694",1699,"NININ352"
"1695",1700,"NININ356"
"1696",1701,"NINAN365"
"1697",1702,"NININ351"
"1698",1703,"N11Z288"
"1699",1704,"NOBAR369"
"1700",1705,"NIOBRA361"
"1701",1706,"NJORD390"
"1702",1707,"NJORD466"
"1703",1708,"NJORD408"
"1704",1709,"NKOSA468"
"1705",1710,"NKOSA411"
"1706",1711,"NKOSA465"
"1707",1712,"Nkosa479"
"1708",1713,"NKOSA413"
"1709",1714,"NKOSA441"
"1710",1715,"NKOSA390"
"1711",1716,"NKOS468S"
"1712",1717,"NKOSA397"
"1713",1718,"NKOSA399"
"1714",1719,"NKOSA381"
"1715",1720,"NBLNV345"
"1716",1721,"NBLNV370"
"1717",1722,"NONG362"
"1718",1723,"NGNYO325"
"1719",1724,"NORNE296"
"1720",1725,"NORNE325"
"1721",1726,"NORNE328"
"1722",1727,"NORNE327"
"1723",1728,"NORNE295"
"1724",1729,"NORNE301"
"1725",1730,"NDKSR282"
"1726",1731,"NFC580"
"1727",1732,"PALIN494"
"1728",1733,"NWSCD617"
"1729",1734,"NWSLF628"
"1730",1735,"NVPFO144"
"1731",1736,"NWRUZ204"
"1732",1737,"NWSCN595"
"1733",1738,"NWSCN623"
"1734",1739,"NWSCN622"
"1735",1740,"NWSCN558"
"1736",1741,"NWSCN530"
"1737",1742,"NWSCN603"
"1738",1743,"NYA1238"
"1739",1744,"OBEN350"
"1740",1745,"RCKPT149"
"1741",1746,"Odudu330"
"1742",1747,"OGEND319"
"1743",1748,"OGENDJ319"
"1744",1749,"OGUEN287"
"1745",1750,"OGEND320"
"1746",1751,"OHAJI240"
"1747",1752,"OHAJI356"
"1748",1753,"OHAJI184"
"1749",1754,"OKANP557"
"1750",1755,"OKANL579"
"1751",1756,"OKAN550"
"1752",1757,"OKONO403"
"1753",1758,"OKONO405"
"1754",1759,"OKONO410"
"1755",1760,"OKONO407"
"1756",1761,"OKONO419"
"1757",1762,"OKORO240"
"1758",1763,"OKWRI363"
"1759",1764,"OKWRI355"
"1760",1765,"OKWRI368"
"1761",1766,"OKWIBM382"
"1762",1767,"OKWUB290"
"1763",1768,"OKWUB258"
"1764",1769,"OLNDE177"
"1765",1770,"OLMCA388"
"1766",1771,"OLMEC391"
"1767",1772,"OLMCA390"
"1768",1773,"OLOMB352"
"1769",1774,"OLOWI321"
"1770",1775,"OMAN310"
"1771",1776,"OMAN303"
"1772",1777,"OMAN330"
"1773",1778,"OMAN339"
"1774",1779,"OMAN337S"
"1775",1780,"OMAN316S"
"1776",1781,"OMAN333"
"1777",1782,"OMAN321"
"1778",1783,"OMAN319"
"1779",1784,"OMAN322S"
"1780",1785,"OMAN346"
"1781",1786,"OMAN332"
"1782",1787,"OMAN327W"
"1783",1788,"OMAN305"
"1784",1789,"OMAN335"
"1785",1790,"OMAN347"
"1786",1791,"ORDOV422"
"1787",1792,"ORIBI420"
"1788",1793,"ORIENT247"
"1789",1794,"ORINT246"
"1790",1795,"ORINT239"
"1791",1796,"ORINT284"
"1792",1797,"ORINT273"
"1793",1798,"ORINT253"
"1794",1799,"ORNTE238"
"1795",1800,"ORINT290"
"1796",1801,"ORINT234"
"1797",1802,"ORINT231"
"1798",1803,"ORITO298"
"1799",1804,"ORITO320"
"1800",1805,"ORMLG573"
"1801",1806,"ORMLG604"
"1802",1807,"ORMLG615"
"1803",1808,"OSBRG396"
"1804",1809,"OSBRG385"
"1805",1810,"OSBRG375"
"1806",1811,"OSBRG354"
"1807",1812,"OSBRG364"
"1808",1813,"OSBR370C"
"1809",1814,"OSBRG378"
"1810",1815,"OSBRG384"
"1811",1816,"OSBRG337"
"1812",1817,"OSBRG397"
"1813",1818,"OSEIL185"
"1814",1819,"OSEIL217"
"1815",1820,"OSOCN468"
"1816",1821,"OSOCD474"
"1817",1822,"OSOCO458"
"1818",1823,"OSO492"
"1819",1824,"OSOCN477"
"1820",1825,"OSOCN462"
"1821",1826,"OSTRA180"
"1822",1827,"OSTRA227"
"1823",1828,"OSTRA195"
"1824",1829,"OSTRC328"
"1825",1830,"OUDNA411"
"1826",1831,"OYO321"
"1827",1832,"OYO312"
"1828",1833,"OYONG393"
"1829",1834,"OYONG400"
"1830",1835,"PAGRN613"
"1831",1836,"PAILN597"
"1832",1837,"PAILC516"
"1833",1838,"PAILC579"
"1834",1839,"PANTR492"
"1835",1840,"PLNCA372"
"1836",1841,"PLNCA370"
"1837",1842,"PLNCA386"
"1838",1843,"PLNCA389"
"1839",1844,"PLNKA386"
"1840",1845,"PALWN364"
"1841",1846,"PALWN369"
"1842",1847,"PLWN365W"
"1843",1848,"PNGKH423"
"1844",1849,"PNGKH645"
"1845",1850,"PANGK412"
"1846",1851,"PANTR539"
"1847",1852,"PANYU249"
"1848",1853,"PANYU290"
"1849",1854,"PANYU305"
"1850",1855,"PAPAT162"
"1851",1856,"PAPAT154"
"1852",1857,"PAPAT163"
"1853",1858,"PAPAT142"
"1854",1859,"PQDSC236"
"1855",1860,"PAS319"
"1856",1861,"MRNZA093"
"1857",1862,"PATNI381"
"1858",1863,"PATTN376"
"1859",1864,"PATTN393"
"1860",1865,"PATTN345"
"1861",1866,"PATN379S"
"1862",1867,"PATNI377"
"1863",1868,"PATTN375S"
"1864",1869,"PATTNI395"
"1865",1870,"PATSRC387"
"1866",1871,"PZFLR247"
"1867",1872,"PCRVR347"
"1868",1873,"PCRVR323s"
"1869",1874,"PCRVR396"
"1870",1875,"PCRVR210"
"1871",1876,"PCRVR395"
"1872",1877,"PEDER200"
"1873",1878,"PLICN100"
"1874",1879,"PMBNA397"
"1875",1880,"PMBNA389"
"1876",1881,"PEMB385S"
"1877",1882,"PEMBN389"
"1878",1883,"PEMBN382"
"1879",1884,"PENAR356"
"1880",1885,"PENAR327"
"1881",1886,"PNARA377"
"1882",1887,"PNARA463"
"1883",1888,"PENGL218"
"1884",1889,"PNGTN353"
"1885",1890,"PNGTN350"
"1886",1891,"PNGTN346"
"1887",1892,"PNGTN354"
"1888",1893,"PNGTN349"
"1889",1894,"PNGTN351"
"1890",1895,"PNGTN364"
"1891",1896,"PNGTN362"
"1892",1897,"PNGTN338"
"1893",1898,"PNGTN402"
"1894",1899,"PERGN134"
"1895",1900,"PEGRN135"
"1896",1901,"PERGN139"
"1897",1902,"PERGN136"
"1898",1903,"PRGRN133"
"1899",1904,"PERE137"
"1900",1905,"PRGN127S"
"1901",1906,"PRKSA289"
"1902",1907,"PERHLC411"
"1903",1908,"PERNOA414"
"1904",1909,"PETZLT260"
"1905",1910,"PIERC378"
"1906",1911,"PILON128"
"1907",1912,"PIPER365"
"1908",1913,"PRANA201"
"1909",1914,"PIRANA2060"
"1910",1915,"PRANA143"
"1911",1916,"PRANA203"
"1912",1917,"PLNS391S"
"1913",1918,"EGLFD620"
"1914",1919,"EGLFD552"
"1915",1920,"PLVAL273"
"1916",1921,"PLUTO602"
"1917",1922,"PLUTO326"
"1918",1923,"PHKUR484"
"1919",1924,"POLVO205"
"1920",1925,"POLVO203"
"1921",1926,"POLVO216"
"1922",1927,"POLVO197"
"1923",1928,"POLVO199"
"1924",1929,"PRTRV379"
"1925",1930,"PSDON310"
"1926",1931,"POSDN320"
"1927",1932,"PSDON296"
"1928",1933,"PSDON291"
"1929",1934,"POSDN315"
"1930",1935,"PRB392"
"1931",1936,"PRB402"
"1932",1937,"RMPUL515"
"1933",1938,"PRBIT128"
"1934",1939,"PASB334"
"1935",1940,"PALBN391"
"1936",1941,"CNRL355"
"1937",1942,"CNRL378"
"1938",1943,"PASB363S"
"1939",1944,"PROVA319"
"1940",1945,"PRDHO274"
"1941",1946,"PRDHO267"
"1942",1947,"PRDHC271"
"1943",1948,"PRDHB275"
"1944",1949,"PRDHC267"
"1945",1950,"PRDHB268"
"1946",1951,"PRDHB267"
"1947",1952,"PRDHB271"
"1948",1953,"PRDHC270"
"1949",1954,"PRDHB249"
"1950",1955,"PSOCON525"
"1951",1956,"OXNRD208"
"1952",1957,"CLARA200"
"1953",1958,"CLARA218"
"1954",1959,"CLARB200"
"1955",1960,"CLARA195"
"1956",1961,"PTARG190"
"1957",1962,"PTARG201"
"1958",1963,"PTPED159"
"1959",1964,"PTSAL321"
"1960",1965,"PTSAL330"
"1961",1966,"PTHOM345"
"1962",1967,"PTHOM372"
"1963",1968,"PTARG191"
"1964",1969,"PUFFN436"
"1965",1970,"PUO311"
"1966",1971,"PXB209"
"1967",1972,"PYRN187C"
"1968",1973,"QARUN371"
"1969",1974,"QARUN422"
"1970",1975,"QARUN362"
"1971",1976,"QARUN343"
"1972",1977,"QARUN334"
"1973",1978,"QARUN325"
"1974",1979,"QATAR413"
"1975",1980,"QATAR405"
"1976",1981,"QATAR565"
"1977",1982,"QATAR363"
"1978",1983,"QATAR393"
"1979",1984,"QATAR404"
"1980",1985,"QATAR412"
"1981",1986,"QATAR326"
"1982",1987,"QATAR360"
"1983",1988,"QATAR344"
"1984",1989,"QTRMR322"
"1985",1990,"QATR325S"
"1986",1991,"QATAR402"
"1987",1992,"QATAR396"
"1988",1993,"QINHD162"
"1989",1994,"QHD165"
"1990",1995,"qhdXB160"
"1991",1996,"QHD164S"
"1992",1997,"QHDXB168"
"1993",1998,"QUABO366"
"1994",1999,"QUAIB3659"
"1995",2000,"QUAIB367"
"1996",2001,"QAIBO364"
"1997",2002,"QUAIB360"
"1998",2003,"QUAIB362"
"1999",2004,"QAIB363S"
"2000",2005,"QUAIB353"
"2001",2006,"QUAIB352"
"2002",2007,"QAIB348S"
"2003",2008,"QAIBO359"
"2004",2009,"RABI323"
"2005",2010,"RABEB333"
"2006",2011,"RABIL351"
"2007",2012,"RABIL353"
"2008",2013,"RABI358"
"2009",2014,"RABLT346"
"2010",2015,"RABLT379"
"2011",2016,"RBTCH383"
"2012",2017,"RABIK343"
"2013",2018,"RLBIT121"
"2014",2019,"RRGAP319"
"2015",2020,"RNBW392S"
"2016",2021,"RNBOW408"
"2017",2022,"RNBOW406"
"2018",2023,"RNBOW395"
"2019",2024,"RNBOW396"
"2020",2025,"RNBOW403"
"2021",2026,"RNBW387S"
"2022",2027,"RAMBA526"
"2023",2028,"RNGD400S"
"2024",2029,"RNGDG403"
"2025",2030,"RNGDG4041"
"2026",2031,"RNGD385S"
"2027",2032,"RNGDG385"
"2028",2033,"RNGDG388"
"2029",2034,"RNGLD396"
"2030",2035,"RNGLY339"
"2031",2036,"RNGLY337"
"2032",2037,"RNGLY334"
"2033",2038,"BDRAN251"
"2034",2039,"RBDRN255"
"2035",2040,"BDRN240S"
"2036",2041,"RASGS566"
"2037",2042,"RASGH249"
"2038",2043,"GHRB210W"
"2039",2044,"GHARB220"
"2040",2045,"GHRBS209"
"2041",2046,"GHARB222"
"2042",2047,"GHARB252"
"2043",2048,"BUDRN251"
"2044",2049,"RATWI234"
"2045",2050,"RTAWI239"
"2046",2051,"RTAWI235"
"2047",2052,"RTAWI237"
"2048",2053,"RTAWI233"
"2049",2054,"RATWI239"
"2050",2055,"RATWI242"
"2051",2056,"RTAWI242"
"2052",2057,"RTAW246S"
"2053",2058,"RTAWI244"
"2054",2059,"RDBUT208"
"2055",2060,"RDWSH280"
"2056",2061,"REDWT356"
"2057",2062,"RFRMA336"
"2058",2063,"RGN257"
"2059",2064,"RCHFD231"
"2060",2065,"RINCN361"
"2061",2066,"RINCN355"
"2062",2067,"RINCN358"
"2063",2068,"RIOVJ278"
"2064",2069,"RNGMS295"
"2065",2070,"RMS392"
"2066",2071,"RBTKR313"
"2067",2072,"ROLER294"
"2068",2073,"ROLER305"
"2069",2074,"RONCD283"
"2070",2075,"RNCD269S"
"2071",2076,"RNCDR270"
"2072",2077,"RNCDH179"
"2073",2078,"RONCH187"
"2074",2079,"RNCDH198"
"2075",2080,"RONCH180"
"2076",2081,"RNGDO459"
"2077",2082,"ROSA390"
"2078",2083,"ROSA350"
"2079",2084,"ROSPO116"
"2080",2085,"ROSSB308"
"2081",2086,"ROSSB316"
"2082",2087,"ROSS370S"
"2083",2088,"ROSS373"
"2084",2089,"ROSSB313"
"2085",2090,"ROSSB333"
"2086",2091,"RBLSH243"
"2087",2092,"RBLSL296"
"2088",2093,"RUBLS125"
"2089",2094,"RUB172"
"2090",2095,"RUBLS1252"
"2091",2096,"RUBLS131"
"2092",2097,"RUBLS128"
"2093",2098,"RUBYB344"
"2094",2099,"RUBY371"
"2095",2100,"RUBY355S"
"2096",2101,"RUBY357"
"2097",2102,"BALTC318"
"2098",2103,"STXSWT450"
"2099",2104,"SBLND292"
"2100",2105,"SABLE454"
"2101",2106,"SABLE408"
"2102",2107,"SAHRN447"
"2103",2108,"SAHA446S"
"2104",2109,"SAHRN439"
"2105",2110,"SOKOL457"
"2106",2111,"SOKOL360"
"2107",2112,"SAKHALIN456"
"2108",2113,"SLADN482"
"2109",2114,"SLDNY483"
"2110",2115,"SALEH443"
"2111",2116,"SALEH527"
"2112",2117,"SARDO141"
"2113",2118,"SARDO122"
"2114",2119,"SARDO117"
"2115",2120,"SJVH133"
"2116",2121,"SJVHV148"
"2117",2122,"SJVH150"
"2118",2123,"SANDB330"
"2119",2124,"SANGA337"
"2120",2125,"SANGOS317"
"2121",2126,"SNGOS325"
"2122",2127,"SANKOFA289"
"2123",2128,"SANTB399"
"2124",2129,"SANTB387"
"2125",2130,"SANTB401"
"2126",2131,"CLARA183"
"2127",2132,"CLARA202"
"2128",2133,"SCRUZ491"
"2129",2134,"STMRA137"
"2130",2135,"STROS516"
"2131",2136,"SPLWS417"
"2132",2137,"SAPNH280"
"2133",2138,"SARIR365"
"2134",2139,"SARIR374"
"2135",2140,"SASAN339"
"2136",2141,"STRNO270"
"2137",2142,"SANDR451"
"2138",2143,"SAVIA367"
"2139",2144,"SAXIB339"
"2140",2145,"SAXI328"
"2141",2146,"SCHION252"
"2142",2147,"SCHLN256"
"2143",2148,"SCHLN254"
"2144",2149,"SCHLN264"
"2145",2150,"SEBRZ379"
"2146",2151,"SEALB231"
"2147",2152,"SEALB114"
"2148",2153,"SealBit111"
"2149",2154,"SEALH203"
"2150",2155,"SRIPL555"
"2151",2156,"SEDGI468"
"2152",2157,"SEDGI434"
"2153",2158,"SEDRA370"
"2154",2159,"SELTN202"
"2155",2160,"SMBKG359"
"2156",2161,"SEMBL352"
"2157",2162,"SEMB352S"
"2158",2163,"SEME224"
"2159",2164,"SNPAH534"
"2160",2165,"SEPAH506"
"2161",2166,"SEPAH519"
"2162",2167,"SNPAH527"
"2163",2168,"SENO380"
"2164",2169,"SENO409S"
"2165",2170,"SNORO579"
"2166",2171,"SPANJ334"
"2167",2172,"SEPAT353"
"2168",2173,"SEPGN290"
"2169",2174,"SEPNG265"
"2170",2175,"SEPNG307"
"2171",2176,"SEPNG294"
"2172",2177,"SRGIP384"
"2173",2178,"SRGIP241"
"2174",2179,"SERIA361"
"2175",2180,"SERIA353"
"2176",2181,"SERI352S"
"2177",2182,"SERIA381"
"2178",2183,"SRILT385"
"2179",2184,"SABWA346"
"2180",2185,"SHAHJ300"
"2181",2186,"SHEKN158"
"2182",2187,"SHALE414"
"2183",2188,"SHALE372"
"2184",2189,"SHRJH648"
"2185",2190,"SARJA497"
"2186",2191,"ORNT311C"
"2187",2192,"SPXB348"
"2188",2193,"SHNGL238"
"2189",2194,"SHNGL230"
"2190",2195,"SHUFN286"
"2191",2196,"SIBLT351"
"2192",2197,"SIBLTOP170"
"2193",2198,"SIPTRL373"
"2194",2199,"SIRI381"
"2195",2200,"SIRI384"
"2196",2201,"SIRRI332"
"2197",2202,"SIRRI322"
"2198",2203,"SRTCA399"
"2199",2204,"SRTCA394"
"2200",2205,"SRTCA379"
"2201",2206,"SJVMX288"
"2202",2207,"SJVH138"
"2203",2208,"SJ31X119"
"2204",2209,"SJVHT148"
"2205",2210,"SJVH1410b"
"2206",2211,"SJVH141"
"2207",2212,"SKARV385"
"2208",2213,"SKARV423"
"2209",2214,"SKARV443"
"2210",2215,"SKUA419"
"2211",2216,"SKUAF425"
"2212",2217,"SLEIP570"
"2213",2218,"SLEIP598"
"2214",2219,"SLEIP620"
"2215",2220,"SLEIP587"
"2216",2221,"SLI344"
"2217",2222,"SOLAI298"
"2218",2223,"SLAI288S"
"2219",2224,"SLI303C"
"2220",2225,"SLIBF298"
"2221",2226,"SNOVT601"
"2222",2227,"SNHVT613"
"2223",2228,"SNHVT625"
"2224",2229,"SOSEG302"
"2225",2230,"SOPAR517"
"2226",2231,"SOCKI285"
"2227",2232,"SOCKI196"
"2228",2233,"SOCKI159"
"2229",2234,"SOKOL346"
"2230",2235,"SOKOL364"
"2231",2236,"SOKOL379"
"2232",2237,"SOKOL378"
"2233",2238,"SOKOL387"
"2234",2239,"SOKOL367"
"2235",2240,"SOKOL361"
"2236",2241,"SONGD349"
"2237",2242,"SNGDC386"
"2238",2243,"SNGKL269"
"2239",2244,"SNGKL313"
"2240",2245,"SNGKl284"
"2241",2246,"SORSH189"
"2242",2247,"SORSH191"
"2243",2248,"SORSH200"
"2244",2249,"SOUDI241"
"2245",2250,"SOUDI240"
"2246",2251,"SOEDI240"
"2247",2252,"SOUED231"
"2248",2253,"SOUDI238"
"2249",2254,"SBLND298"
"2250",2255,"SBLND287"
"2251",2256,"SBLND286"
"2252",2257,"SOGMN431"
"2253",2258,"SOGMN387"
"2254",2259,"SOPARS1C601"
"2255",2260,"SOPARS12C587"
"2256",2261,"SOPARS1516C597"
"2257",2262,"SOPARS23C605"
"2258",2263,"SOPARS45C610"
"2259",2264,"SOPARS678C601"
"2260",2265,"SOPARS910C593"
"2261",2266,"SOTXSR270"
"2262",2267,"GRNCN301"
"2263",2268,"SOYO345"
"2264",2269,"BCSOR323"
"2265",2270,"BYCHS324"
"2266",2271,"BCSWT360"
"2267",2272,"BYCSW368"
"2268",2273,"BIGHS307"
"2269",2274,"BHSOR307"
"2270",2275,"BHSWT359"
"2271",2276,"BIHSW354"
"2272",2277,"BRYMS333"
"2273",2278,"BMSOR332"
"2274",2279,"BMSWT359"
"2275",2280,"BRMSW364"
"2276",2281,"WHKSW369"
"2277",2282,"HACKB335"
"2278",2283,"SPRUC117"
"2279",2284,"WHCKS335"
"2280",2285,"HACKB373"
"2281",2286,"SREDN419"
"2282",2287,"PAS339"
"2283",2288,"JAMES387"
"2284",2289,"STMLO308"
"2285",2290,"JAMES360"
"2286",2291,"SANTB377"
"2287",2292,"STAG183"
"2288",2293,"STMPD290"
"2289",2294,"STMPD277"
"2290",2295,"STATF377"
"2291",2296,"STATF395"
"2292",2297,"STATF388"
"2293",2298,"STATF400"
"2294",2299,"STATF391"
"2295",2300,"STATF385"
"2296",2301,"STATB382"
"2297",2302,"Statf387"
"2298",2303,"STATF379"
"2299",2304,"STATF382"
"2300",2305,"STENLT350"
"2301",2306,"BNIT373W"
"2302",2307,"UPBTM83"
"2303",2308,"STYBR231"
"2304",2309,"STYBR228"
"2305",2310,"SUTUDN376"
"2306",2311,"SUTDN377"
"2307",2312,"SUTDN382"
"2308",2313,"SUTU362S"
"2309",2314,"SUTD363C"
"2310",2315,"SUTUD376"
"2311",2316,"SUTUD361"
"2312",2317,"SUEZB308"
"2313",2318,"SUEZB299R"
"2314",2319,"SUEZB310"
"2315",2320,"SUEZB318"
"2316",2321,"SUGRM182"
"2317",2322,"SUGRM163"
"2318",2323,"SUZHNG145"
"2319",2324,"SUMAH209"
"2320",2325,"SUMAH211"
"2321",2326,"SUMLT336"
"2322",2327,"SUMAL340"
"2323",2328,"SUMAL349"
"2324",2329,"SUMAL351"
"2325",2330,"SUMAL359"
"2326",2331,"SUMAL346"
"2327",2332,"SUMLT346"
"2328",2333,"SUMAL350"
"2329",2334,"SUML339C"
"2330",2335,"SUMLT332"
"2331",2336,"Suncn667"
"2332",2337,"SUNCR198"
"2333",2338,"SUNCR327"
"2334",2339,"SUNCR329"
"2335",2340,"SUNCR203"
"2336",2341,"SUNCR200"
"2337",2342,"SUNIL249"
"2338",2343,"SURIA329"
"2339",2344,"SURMNT222"
"2340",2345,"SURMT204"
"2341",2346,"SUTDN356"
"2342",2347,"SUTUD350"
"2343",2348,"SUTUD356"
"2344",2349,"SWLO582W"
"2345",2350,"SWIFT427"
"2346",2351,"ARBXL441"
"2347",2352,"SBTMS334"
"2348",2353,"SHB190"
"2349",2354,"SYNBL354"
"2350",2355,"SYNGO221"
"2351",2356,"ABTAS318"
"2352",2357,"SYNCR308"
"2353",2358,"SYNCR322"
"2354",2359,"SYRIA363"
"2355",2360,"SYRLT382"
"2356",2361,"TAHIT297"
"2357",2362,"TAKUL325"
"2358",2363,"TKULA325"
"2359",2364,"TKULA329"
"2360",2365,"MXB16"
"2361",2366,"TLNG431C"
"2362",2367,"TALIH433"
"2363",2368,"TALIH394"
"2364",2369,"TAMBA153"
"2365",2370,"PDADA307"
"2366",2371,"TNTWN419"
"2367",2372,"TNTWN416"
"2368",2373,"TNTW418S"
"2369",2374,"TNTWN480"
"2370",2375,"TNTWN424"
"2371",2376,"TNTWN455"
"2372",2377,"TAPIS455"
"2373",2378,"TAPIS457"
"2374",2379,"TAPIS421"
"2375",2380,"TAPIS443"
"2376",2381,"TAPIS467"
"2377",2382,"TAPIS449"
"2378",2383,"TAPIS447"
"2379",2384,"TAPIS454"
"2380",2385,"TAPIS448"
"2381",2386,"TSAND155"
"2382",2387,"GCOSN330"
"2383",2388,"SYNCR301"
"2384",2389,"TRKNP214"
"2385",2390,"TIBLI365"
"2386",2391,"TEGCTR395"
"2387",2392,"TGCTR390"
"2388",2393,"TGTGSA405"
"2389",2394,"TEGAC392"
"2390",2395,"TEMB388"
"2391",2396,"TEMPR204"
"2392",2397,"TEN338"
"2393",2398,"TEN330"
"2394",2399,"TENGZ482"
"2395",2400,"TENGZ474"
"2396",2401,"TNGIZ464"
"2397",2402,"TENGZ472"
"2398",2403,"TENGZ432"
"2399",2404,"TENGZ441"
"2400",2405,"TENGZ464"
"2401",2406,"TENGZ469"
"2402",2407,"TRNGU733"
"2403",2408,"TEREN726"
"2404",2409,"TEREN745"
"2405",2410,"TERAN321"
"2406",2411,"TERRA342"
"2407",2412,"TERAN330"
"2408",2413,"TERRA332"
"2409",2414,"TERAN332"
"2410",2415,"TRNDB269"
"2411",2416,"TEXCO395"
"2412",2417,"ETEXI388"
"2413",2418,"ETEXS370"
"2414",2419,"TEXNM342"
"2415",2420,"TEXNM408"
"2416",2421,"TEXNM382"
"2417",2422,"THMAM576"
"2418",2423,"TMAMA586"
"2419",2424,"THGLG313"
"2420",2425,"THGLG371"
"2421",2426,"THVND407"
"2422",2427,"THUMS181"
"2423",2428,"THORS319"
"2424",2429,"THORSE329"
"2425",2430,"THNHS337"
"2426",2431,"THNHS345"
"2427",2432,"THORSE324"
"2428",2433,"TIAJH116"
"2429",2434,"TIAJL345"
"2430",2435,"TIAJL317"
"2431",2436,"TIAJH121"
"2432",2437,"TIAKA277"
"2433",2438,"TIAKA291"
"2434",2439,"TIERA408"
"2435",2440,"TIERA409"
"2436",2441,"TIERA438"
"2437",2442,"TBRCK248"
"2438",2443,"TNDAL264"
"2439",2444,"TIREO217"
"2440",2445,"TMBCO327"
"2441",2446,"TOMBU396"
"2442",2447,"TOMBU417"
"2443",2448,"TOMBU385"
"2444",2449,"TOPAC262"
"2445",2450,"TORMR398"
"2446",2451,"TORNC218"
"2447",2452,"TORNC182"
"2448",2453,"TRAPS252"
"2449",2454,"TRNGL673"
"2450",2455,"TRINI203"
"2451",2456,"TRITN369"
"2452",2457,"TRTN388C"
"2453",2458,"TRITN379"
"2454",2459,"TRITN385"
"2455",2460,"TRTN357S"
"2456",2461,"TRTN355"
"2457",2462,"TRIT362W"
"2458",2463,"TROLL352"
"2459",2464,"TROLL359"
"2460",2465,"TROLL358"
"2461",2466,"TROLL334"
"2462",2467,"TROLL326"
"2463",2468,"TROLL300"
"2464",2469,"TROLL283"
"2465",2470,"TROLL272"
"2466",2471,"TUA178"
"2467",2472,"TUBMRT212"
"2468",2473,"TUBU389"
"2469",2474,"TUBU563"
"2470",2475,"TUI425"
"2471",2476,"TULEL243"
"2472",2477,"TNDRA398"
"2473",2478,"TUPI288"
"2474",2479,"TYPHN339"
"2475",2480,"TYRA513"
"2476",2481,"UBARN334"
"2477",2482,"UDANG387"
"2478",2483,"UDANG369"
"2479",2484,"UDANG374"
"2480",2485,"ULIN515S"
"2481",2486,"ULIN513S"
"2482",2487,"UMMSH373"
"2483",2488,"UMMSF369"
"2484",2489,"UMSHF372"
"2485",2490,"UNGANI370"
"2486",2491,"UNITY309"
"2487",2492,"UNITY323"
"2488",2493,"UNITY356"
"2489",2494,"UNITY362"
"2490",2495,"ZAKUM338"
"2491",2496,"URAL196"
"2492",2497,"URAL327"
"2493",2498,"URALS309"
"2494",2499,"URALS318"
"2495",2500,"URAL313"
"2496",2501,"URAL314"
"2497",2502,"URAL336"
"2498",2503,"USAN310"
"2499",2504,"USAN290"
"2500",2505,"USANCPT299"
"2501",2506,"USAN10311"
"2502",2507,"USAN292"
"2503",2508,"USAN294"
"2504",2509,"USAN289"
"2505",2510,"UTAHS405"
"2506",2511,"UTAHSW387"
"2507",2512,"UTSYN212"
"2508",2513,"UTICA517"
"2509",2514,"VANGO170"
"2510",2515,"THEO167"
"2511",2516,"VRDRO271"
"2512",2517,"VARNDY351"
"2513",2518,"VRDAY264"
"2514",2519,"VARUS482"
"2515",2520,"VARG375"
"2516",2521,"VARG365"
"2517",2522,"VASCN244"
"2518",2523,"VASCO264"
"2519",2524,"VASCO243"
"2520",2525,"VAS248S"
"2521",2526,"VASCO273"
"2522",2527,"VASCO242"
"2523",2528,"VASEC225"
"2524",2529,"VASCO252"
"2525",2530,"VASCO270"
"2526",2531,"VASCN247"
"2527",2532,"VASCOM243"
"2528",2533,"VASCH199"
"2529",2534,"VSCNA258"
"2530",2535,"VNTRA281"
"2531",2536,"VNTRA271"
"2532",2537,"VNTRA266"
"2533",2538,"VIET689C"
"2534",2539,"VNCNT175"
"2535",2540,"VINCT183"
"2536",2541,"VITYS344"
"2537",2542,"VITCD620"
"2538",2543,"VITYZ356"
"2539",2544,"VOLVE288"
"2540",2545,"VOLVE298"
"2541",2546,"LNAPC325"
"2542",2547,"HACKB370"
"2543",2548,"WTEXS309"
"2544",2549,"WTEXI402"
"2545",2550,"WTEXI398"
"2546",2551,"WABS196S"
"2547",2552,"WABCA198"
"2548",2553,"WIMEA198"
"2549",2554,"WALIO297"
"2550",2555,"WANEA482"
"2551",2556,"WANDO194"
"2552",2557,"WANDO190"
"2553",2558,"WARLSR181"
"2554",2559,"WABSCA175"
"2555",2560,"WASNA268"
"2556",2561,"WASNA214"
"2557",2562,"WASNA215"
"2558",2563,"WASNA203"
"2559",2564,"WASON315"
"2560",2565,"WXYLT209"
"2561",2566,"WXYLT231"
"2562",2567,"WEBSM326"
"2563",2568,"WEIZH327"
"2564",2569,"WNCHG351"
"2565",2570,"WERDA208"
"2566",2571,"SENOW403"
"2567",2572,"WSENO380"
"2568",2573,"WSBANG438"
"2569",2574,"WTI351"
"2570",2575,"WTEXI390"
"2571",2576,"WTEXI391"
"2572",2577,"WTS306"
"2573",2578,"WTEXS324"
"2574",2579,"WTEXS341"
"2575",2580,"WCSE202"
"2576",2581,"WCS219"
"2577",2582,"WCS206"
"2578",2583,"WCSEL203"
"2579",2584,"WDSRT422"
"2580",2585,"WDSRT410"
"2581",2586,"WHEAT554"
"2582",2587,"WHEAT760"
"2583",2588,"WCLIF501"
"2584",2589,"WROSE301"
"2585",2590,"WROSE316"
"2586",2591,"WROSE313"
"2587",2592,"WROSE317"
"2588",2593,"WROSE306"
"2589",2594,"WTCRT398"
"2590",2595,"WHITR220"
"2591",2596,"WICHIN347"
"2592",2597,"WDURI333"
"2593",2598,"WDURI321"
"2594",2599,"WDURI320"
"2595",2600,"WLLMR417"
"2596",2601,"XYLBH183"
"2597",2602,"WLMTN169"
"2598",2603,"THUMS178"
"2599",2604,"WDNHS193"
"2600",2605,"WOLYB486"
"2601",2606,"WLYBT490"
"2602",2607,"WTI399"
"2603",2608,"WTIMSWT417"
"2604",2609,"WTIMDL401"
"2605",2610,"WTINE421"
"2606",2611,"WVASO443"
"2607",2612,"WYSOR292"
"2608",2613,"WYOMG224"
"2609",2614,"WYMNGSR234"
"2610",2615,"WYMNGSR238"
"2611",2616,"WYOMG456"
"2612",2617,"WYOMG377"
"2613",2618,"WYMG360S"
"2614",2619,"WYOMG375"
"2615",2620,"WYTCH412"
"2616",2621,"XNCBN141"
"2617",2622,"XANCO187"
"2618",2623,"XNCOB158"
"2619",2624,"XIJNG290"
"2620",2625,"XIJNG382"
"2621",2626,"XJANG316"
"2622",2627,"XIJNG316"
"2623",2628,"XIKOM348"
"2624",2629,"XIKMB344"
"2625",2630,"YALA408"
"2626",2631,"YATES298"
"2627",2632,"YTGUN592"
"2628",2633,"YKBLD346"
"2629",2634,"YKBLD337"
"2630",2635,"YKBLD351"
"2631",2636,"YKBLD340"
"2632",2637,"YMEMX378"
"2633",2638,"YOH401"
"2634",2639,"YOHO405"
"2635",2640,"YOHO401"
"2636",2641,"YOHO384"
"2637",2642,"YOHO396"
"2638",2643,"YOMBO177"
"2639",2644,"YUDONG118"
"2640",2645,"ZAFRN235"
"2641",2646,"ZAFRN241"
"2642",2647,"ZAFIR322"
"2643",2648,"ZAFRO309"
"2644",2649,"ZAFRO295"
"2645",2650,"ZAFRO306"
"2646",2651,"ZAFRO323"
"2647",2652,"ZAIRP302"
"2648",2653,"ZAIRE312"
"2649",2654,"ZAIRE316"
"2650",2655,"ZAIRE317"
"2651",2656,"ZAKINS444"
"2652",2657,"ZAKUM396"
"2653",2658,"ZAKUM402"
"2654",2659,"ZAKLOW398"
"2655",2660,"ZAKUM398"
"2656",2661,"ZKMLW398"
"2657",2662,"ZAKUP338"
"2658",2663,"ZAKUP339"
"2659",2664,"ZAKUP341"
"2660",2665,"ZAKM342S"
"2661",2666,"ZAKUM403"
"2662",2667,"ZAKUM336"
"2663",2668,"ZARZA430"
"2664",2669,"ZARZA428"
"2665",2670,"ZHAKM416"
"2666",2671,"ZHKMN426"
"2667",2672,"ZDONG236"
"2668",2673,"ZDONG184"
"2669",2674,"ZDONG201"
"2670",2675,"ZKMC549"
"2671",2676,"ZUATA157"
"2672",2677,"ZUATA159"
"2673",2678,"ZUATA148"
"2674",2679,"ZUATA92"
"2675",2680,"ZUATA93"
"2676",2681,"ZUATA251"
"2677",2682,"ZUATM250"
"2678",2683,"ZUATM256"
"2679",2684,"ZUATA329"
"2680",2685,"ZUAT301S"
"2681",2686,"ZTMED351"
"2682",2687,"ZULUF277"
